<?xml version="1.0" encoding="UTF-8" ?>
<!DOCTYPE struts PUBLIC
   "-//Apache Software Foundation//DTD Struts Configuration 2.0//EN"
   "http://struts.apache.org/dtds/struts-2.0.dtd">

<struts>
   <constant name="struts.action.extension" value=""/>
   <constant name="struts.objectFactory" value="org.apache.struts2.spring.StrutsSpringObjectFactory"/>
   
   <!-- expose static content like CSS and JS -->
   <constant name="struts.action.excludePattern" value=".*static.*"/>
   
   <package name="urls" namespace="/" extends="struts-default">
      <default-action-ref name="urlExpand"/>

      <action name="">
         <result>/WEB-INF/addUrl.jsp</result>
      </action>

      <action name="add" class="urlShortenerAction">
         <result name="SUCCESS">/WEB-INF/success.jsp</result>
         <result name="ERROR">/WEB-INF/saveFailed.jsp</result>
      </action>

      <action name="admin" class="urlShortenerAdminAction">
         <result name="INPUT">/WEB-INF/admin.jsp</result>
      </action>

      <action name="urlExpand" class="urlExpandAction">
         <result name="SUCCESS" type="redirect">${fullUrl}</result>
         <result name="ERROR">/WEB-INF/badShortUrl.jsp</result>
      </action>

   </package>
</struts>
